first_name,last_name,address,date_of_birth
David,Jones,93241 Elliott Mall Apt. 266,1958-04-29
Collin,Cox,209 Michael Mills,1968-09-15
Gabriel,Edwards,32131 Laurie Islands,1965-02-25
Raymond,Henry,44275 Erin Course Suite 552,1923-07-22
Nicole,Kemp,76305 Amber Drive,2020-10-22
Robert,Yoder,051 Savage Cape,1959-04-06
Joyce,Landry,424 Rodney Islands,2014-08-22
Rachel,Thompson,3959 Daniel Fort,1942-09-30
Katrina,Vance,6729 Clark Union Apt. 463,2021-10-30
Tammy,White,715 Gary Field Suite 203,1911-07-11
